timestamp,step,joint1,joint2,joint3,joint4,joint5,joint6,force_local_x,force_local_y,force_local_z,torque_local_x,torque_local_y,torque_local_z,force_world_x,force_world_y,force_world_z,torque_world_x,torque_world_y,torque_world_z,sensor_1,sensor_2,sensor_3,sensor_4,sensor_5,sensor_6,sensor_7,sensor_8,sensor_9,sensor_10,sensor_11,sensor_12,sensor_13,sensor_14,sensor_15,sensor_16,sensor_timestamp
1755106935.2842822,initial,0.0,0.0,0.0,0.0,0.0,0.0,-5.808703700649881e-05,-1.8982547248746806e-11,7.906859999786634,1.4236910436560104e-12,-4.35652777548741e-06,0.0,0.0,0.0,-7.906860000000001,4.356527775487643e-06,0.0,0.0,14535.8,14379.6,14090.4,14086.8,14395.0,14439.8,14474.0,14443.0,14246.0,14259.0,14172.2,14218.2,14200.0,14105.6,14371.4,14221.4,1755106935.28084
1755106935.787793,j5_to_-pi/2,0.0,0.0,0.0,0.0,-0.1,0.0,-5.819990209956732e-05,0.7893688487238371,7.8673586340573785,-0.0592026636542877,-4.364992657467548e-06,5.293955920339377e-22,0.0,0.0,-7.906860000000001,4.34564552912363e-06,0.05920266365571101,0.0,14536.2,14379.6,14090.4,14086.6,14395.0,14440.4,14474.2,14443.4,14244.4,14258.2,14170.6,14216.8,14198.8,14105.0,14371.0,14220.8,1755106935.757919
1755106936.2913878,j5_to_-pi/2,0.0,0.0,0.0,0.0,-0.2,0.0,-5.802144624556044e-05,1.570850584860763,7.74924922145856,-0.11781379386455733,-4.351608468417033e-06,-1.0587911840678754e-21,0.0,0.0,-7.906860000000001,4.313107521840067e-06,0.11781379386597315,0.0,14537.2,14379.2,14089.8,14087.0,14395.6,14440.8,14475.2,14443.6,14243.4,14257.6,14170.2,14216.4,14198.6,14104.2,14370.2,14220.2,1755106936.2778208
1755106936.79284,j5_to_-pi/2,0.0,0.0,0.0,0.0,-0.30000000000000004,0.0,-5.755345251638178e-05,2.3366369012078323,7.553711872199087,-0.17524776759058733,-4.316508938728634e-06,6.352747104407253e-22,0.0,0.0,-7.906860000000001,4.259238862650097e-06,0.17524776759198862,0.0,14536.2,14378.2,14088.6,14085.2,14395.4,14440.4,14475.0,14443.4,14242.4,14255.6,14169.0,14215.6,14197.0,14103.4,14369.0,14218.4,1755106936.75459
1755106937.297127,j5_to_-pi/2,0.0,0.0,0.0,0.0,-0.4,0.0,-5.680059695067512e-05,3.0790763140274064,7.2827003308367075,-0.2309307235520555,-4.260044771300634e-06,0.0,0.0,0.0,-7.906860000000001,4.1845777893897355e-06,0.23093072355343536,0.0,14535.8,14377.4,14087.4,14084.6,14395.4,14441.2,14475.2,14443.6,14241.6,14255.6,14168.4,14214.6,14197.2,14103.0,14368.2,14218.0,1755106937.280837
1755106937.802801,j5_to_-pi/2,0.0,0.0,0.0,0.0,-0.5,0.0,-5.577040183239204e-05,3.7907506141244323,6.938922455108207,-0.2843062960593321,-4.182780137429402e-06,1.2705494208814505e-21,0.0,0.0,-7.906860000000001,4.089870290823328e-06,0.2843062960606839,0.0,14535.2,14376.6,14086.2,14084.0,14395.4,14440.8,14475.2,14443.6,14240.6,14253.6,14166.6,14214.2,14195.8,14102.0,14367.2,14216.2,1755106937.7538261
1755106938.308107,j5_to_-pi/2,0.0,0.0,0.0,0.0,-0.6,0.0,-5.4473160530617165e-05,4.464548987140588,6.5258131599100055,-0.33484117403554386,-4.085487039796287e-06,8.470329472543003e-22,0.0,0.0,-7.906860000000001,3.976062652970415e-06,0.33484117403686114,0.0,14535.6,14376.8,14085.8,14084.2,14395.6,14441.8,14475.6,14444.0,14240.4,14253.6,14166.4,14213.4,14195.4,14101.6,14367.0,14215.6,1755106938.283767
1755106938.810591,j5_to_-pi/2,0.0,0.0,0.0,0.0,-0.7,0.0,-5.292183465162692e-05,5.0937390624608225,6.047500096763951,-0.3820304296845615,-3.969137598872018e-06,1.2705494208814505e-21,0.0,0.0,-7.906860000000001,3.844292004128619e-06,0.3820304296858383,0.0,14534.6,14375.0,14083.4,14082.0,14394.8,14440.6,14474.8,14443.0,14239.0,14251.4,14165.0,14211.8,14193.6,14100.0,14364.8,14213.2,1755106938.802857
1755106939.31164,j5_to_-pi/2,0.0,0.0,0.0,0.0,-0.7999999999999999,0.0,-5.1131924530803974e-05,5.672034180835128,5.508762411687719,-0.42540256356263445,-3.834894339810297e-06,4.235164736271502e-22,0.0,0.0,-7.906860000000001,3.695874953063583e-06,0.425402563563865,0.0,14534.2,14374.8,14083.2,14081.6,14394.8,14440.8,14475.2,14443.2,14238.8,14251.0,14164.4,14211.8,14193.2,14100.0,14364.0,14213.0,1755106939.276173
1755106939.814371,j5_to_-pi/2,0.0,0.0,0.0,0.0,-0.8999999999999999,0.0,-4.912131435840998e-05,6.1936562085996565,4.9149829935475875,-0.46452421564497426,-3.6840985768807486e-06,-4.235164736271502e-22,0.0,0.0,-7.906860000000001,3.5322944338893927e-06,0.4645242156461535,0.0,14533.8,14374.2,14081.6,14080.8,14394.8,14440.8,14475.0,14443.0,14237.8,14250.0,14163.2,14211.0,14192.8,14099.0,14363.2,14212.0,1755106939.811413
1755106940.316349,j5_to_-pi/2,0.0,0.0,0.0,0.0,-0.9999999999999999,0.0,-4.6910093486668164e-05,6.653393270878303,4.272094690012237,-0.49900449531587315,-3.5182570115001127e-06,-2.541098841762901e-21,0.0,0.0,-7.906860000000001,3.355184889081107e-06,0.4990044953169963,0.0,14533.0,14372.6,14081.0,14079.6,14394.2,14440.2,14474.8,14442.8,14236.8,14248.6,14162.4,14210.8,14191.6,14098.0,14362.6,14210.8,1755106940.274027
1755106940.8187861,j5_to_-pi/2,0.0,0.0,0.0,0.0,-1.0999999999999999,0.0,-4.452035570359649e-05,7.046651826913649,3.586521028499967,-0.5284988870185237,-3.339026677769737e-06,4.235164736271502e-22,0.0,0.0,-7.906860000000001,3.1663159386658192e-06,0.5284988870195867,0.0,14533.0,14372.8,14080.4,14079.8,14394.2,14440.8,14474.6,14442.6,14236.8,14247.2,14162.0,14209.4,14191.4,14097.8,14361.6,14210.6,1755106940.801408
1755106941.320917,j5_to_-pi/2,0.0,0.0,0.0,0.0,-1.2,0.0,-4.1975978479181154e-05,7.369502567207783,2.865112034416091,-0.5527126925405835,-3.148198385938586e-06,4.235164736271502e-22,0.0,0.0,-7.906860000000001,2.9675746987643025e-06,0.552712692541583,0.0,14532.2,14371.8,14079.2,14078.2,14394.2,14440.0,14474.0,14442.2,14236.4,14247.8,14160.2,14209.2,14189.8,14096.8,14360.6,14209.8,1755106941.2789
1755106941.826592,j5_to_-pi/2,0.0,0.0,0.0,0.0,-1.3,0.0,-3.9302384389589194e-05,7.618719673883951,2.1150757879633844,-0.5714039755412963,-2.9476788292191896e-06,0.0,0.0,0.0,-7.906860000000001,2.760946926150534e-06,0.5714039755422292,0.0,14531.4,14370.6,14078.0,14077.6,14393.2,14439.4,14473.6,14441.4,14235.0,14246.0,14159.0,14207.6,14189.6,14095.2,14359.6,14208.4,1755106941.803852
1755106942.32907,j5_to_-pi/2,0.0,0.0,0.0,0.0,-1.4000000000000001,0.0,-3.652628710319115e-05,7.79181305199247,1.3439064033873827,-0.5843859788994354,-2.739471532739337e-06,-8.470329472543003e-22,0.0,0.0,-7.906860000000001,2.54849717722641e-06,0.5843859789002996,0.0,14530.8,14370.4,14077.2,14077.4,14393.4,14439.2,14473.2,14441.2,14234.8,14244.6,14157.6,14207.0,14189.0,14095.4,14359.2,14208.0,1755106942.324073
1755106942.8346539,j5_to_-pi/2,0.0,0.0,0.0,0.0,-1.5000000000000002,0.0,-3.367542446641692e-05,7.887053209716341,0.5593091502640622,-0.5915289907287254,-2.5256568349812683e-06,8.470329472543003e-22,0.0,0.0,-7.906860000000001,2.3323481796566306e-06,0.5915289907295194,0.0,14529.8,14369.0,14076.0,14075.2,14392.0,14438.6,14472.2,14439.6,14233.0,14243.0,14157.4,14206.8,14188.0,14094.6,14357.4,14206.8,1755106942.8023732
1755106943.3357399,j5_to_-pi/2,0.0,0.0,0.0,0.0,-1.5707963267948966,0.0,-3.1627439998873525e-05,7.906859999936745,-1.0668231623046227e-10,-0.5930144999952558,-2.372057999915514e-06,-4.235164736271502e-22,0.0,0.0,-7.906860000000001,2.1782638877438215e-06,0.5930144999959994,0.0,14529.2,14368.6,14075.4,14075.4,14391.6,14437.6,14471.8,14439.6,14232.8,14243.8,14156.6,14205.4,14188.0,14093.8,14356.8,14206.2,1755106943.3313222
1755106943.840586,j6_to_-pi,0.0,0.0,0.0,0.0,-1.5707963267948966,-0.1,-0.7894003181763606,7.867355476731878,-1.0668231623046227e-10,-0.5900516607548907,-0.05920502386322704,-4.235164736271502e-22,0.0,0.0,-7.906860000000001,2.1782638877438215e-06,0.5930144999959994,0.0,14529.2,14367.4,14075.0,14075.2,14391.6,14437.4,14471.6,14440.0,14232.4,14242.6,14156.4,14205.0,14188.0,14094.2,14357.4,14206.6,1755106943.804951
1755106944.34523,j6_to_-pi,0.0,0.0,0.0,0.0,-1.5707963267948966,-0.2,-1.5708815818745565,7.749242938205466,-1.0668231623046227e-10,-0.5811932203654099,-0.1178161186405917,-4.235164736271502e-22,0.0,0.0,-7.906860000000001,2.1782638877438215e-06,0.5930144999959994,0.0,14529.0,14367.6,14075.2,14075.4,14391.0,14436.8,14471.0,14439.6,14231.8,14242.0,14156.0,14204.2,14188.6,14095.0,14358.2,14207.0,1755106944.320016
1755106944.850857,j6_to_-pi,0.0,0.0,0.0,0.0,-1.5707963267948966,-0.30000000000000004,-2.3366671160710752,7.553702525799654,-1.0668231623046227e-10,-0.5665276894349739,-0.17525003370533057,-4.235164736271502e-22,0.0,0.0,-7.906860000000001,2.1782638877438215e-06,0.5930144999959994,0.0,14528.2,14366.6,14075.2,14075.8,14391.2,14436.2,14470.8,14439.2,14230.8,14241.0,14155.0,14202.8,14189.2,14095.4,14359.0,14207.4,1755106944.845144
1755106945.356562,j6_to_-pi,0.0,0.0,0.0,0.0,-1.5707963267948966,-0.4,-3.0791054448432664,7.282688014678135,-1.0668231623046227e-10,-0.54620160110086,-0.23093290836324498,-4.235164736271502e-22,0.0,0.0,-7.906860000000001,2.1782638877438215e-06,0.5930144999959994,0.0,14527.6,14365.8,14074.8,14075.2,14390.4,14435.4,14470.6,14439.4,14230.4,14241.6,14154.2,14202.6,14189.2,14095.6,14359.2,14207.4,1755106945.326071
1755106945.859746,j6_to_-pi,0.0,0.0,0.0,0.0,-1.5707963267948966,-0.5,-3.7907783698275224,6.938907292250545,-1.0668231623046227e-10,-0.5204180469187909,-0.28430837773706413,-4.235164736271502e-22,0.0,0.0,-7.906860000000001,2.1782638877438215e-06,0.5930144999959994,0.0,14527.4,14365.4,14074.8,14075.4,14390.2,14435.2,14470.2,14439.0,14230.2,14241.0,14153.8,14202.0,14189.8,14097.0,14360.6,14208.6,1755106945.853743
1755106946.365221,j6_to_-pi,0.0,0.0,0.0,0.0,-1.5707963267948966,-0.6,-4.464575090405192,6.525795301856584,-1.0668231623046227e-10,-0.4894346476392437,-0.33484313178038944,-4.235164736271502e-22,0.0,0.0,-7.906860000000001,2.1782638877438215e-06,0.5930144999959994,0.0,14527.2,14365.8,14075.0,14075.8,14390.0,14435.0,14470.2,14439.0,14230.2,14241.4,14153.2,14201.2,14190.2,14097.2,14360.6,14208.6,1755106946.322199
1755106946.867658,j6_to_-pi,0.0,0.0,0.0,0.0,-1.5707963267948966,-0.7,-5.093763252471845,6.047479721947601,-1.0668231623046227e-10,-0.45356097914607,-0.3820322439353884,-4.235164736271502e-22,0.0,0.0,-7.906860000000001,2.1782638877438215e-06,0.5930144999959994,0.0,14526.8,14365.0,14075.2,14075.8,14388.8,14434.0,14469.0,14438.6,14229.8,14241.0,14153.2,14201.4,14191.0,14097.4,14361.4,14209.6,1755106946.855652
1755106947.3732522,j6_to_-pi,0.0,0.0,0.0,0.0,-1.5707963267948966,-0.7999999999999999,-5.67205621589407,5.508739723687936,-1.0668231623046227e-10,-0.41315547927659513,-0.42540421619205526,-4.235164736271502e-22,0.0,0.0,-7.906860000000001,2.1782638877438215e-06,0.5930144999959994,0.0,14526.6,14364.6,14076.0,14076.2,14389.0,14433.6,14469.2,14438.8,14229.8,14240.6,14153.2,14200.8,14191.6,14098.4,14362.6,14210.6,1755106947.3208709
1755106947.877737,j6_to_-pi,0.0,0.0,0.0,0.0,-1.5707963267948966,-0.8999999999999999,-6.193675868539586,4.914958219056432,-1.0668231623046227e-10,-0.36862186642923234,-0.46452569014046896,-4.235164736271502e-22,0.0,0.0,-7.906860000000001,2.1782638877438215e-06,0.5930144999959994,0.0,14525.2,14363.8,14075.6,14076.0,14388.2,14432.2,14467.8,14438.0,14229.2,14240.8,14152.2,14200.2,14191.4,14098.4,14362.0,14210.8,1755106947.84304
1755106948.38303,j6_to_-pi,0.0,0.0,0.0,0.0,-1.5707963267948966,-0.9999999999999999,-6.653410359263695,4.2720680765693,-1.0668231623046227e-10,-0.3204051057426975,-0.49900577694477716,-4.235164736271502e-22,0.0,0.0,-7.906860000000001,2.1782638877438215e-06,0.5930144999959994,0.0,14525.2,14363.2,14075.6,14075.6,14387.0,14431.4,14467.0,14437.0,14228.0,14240.2,14152.2,14199.2,14192.0,14098.4,14363.0,14211.4,1755106948.369246
1755106948.88513,j6_to_-pi,0.0,0.0,0.0,0.0,-1.5707963267948966,-1.0999999999999999,-7.046666173003101,3.5864928420190427,-1.0668231623046227e-10,-0.2689869631514281,-0.5284999629752325,-4.235164736271502e-22,0.0,0.0,-7.906860000000001,2.1782638877438215e-06,0.5930144999959994,0.0,14524.2,14362.6,14075.8,14075.8,14387.0,14430.8,14466.8,14437.2,14228.2,14240.6,14151.6,14199.6,14192.0,14098.6,14363.4,14211.2,1755106948.847587
1755106949.38911,j6_to_-pi,0.0,0.0,0.0,0.0,-1.5707963267948966,-1.2,-7.369514027660005,2.8650825565282427,-1.0668231623046227e-10,-0.21488119173961814,-0.5527135520745002,-4.235164736271502e-22,0.0,0.0,-7.906860000000001,2.1782638877438215e-06,0.5930144999959994,0.0,14523.8,14361.8,14075.6,14075.4,14386.2,14430.2,14465.8,14436.2,14228.6,14240.4,14151.8,14198.6,14192.0,14098.6,14363.6,14212.0,1755106949.374239
1755106949.8920221,j6_to_-pi,0.0,0.0,0.0,0.0,-1.5707963267948966,-1.3,-7.618728134189988,2.115045313202989,-1.0668231623046227e-10,-0.1586283984902242,-0.571404610064249,-4.235164736271502e-22,0.0,0.0,-7.906860000000001,2.1782638877438215e-06,0.5930144999959994,0.0,14523.4,14362.0,14075.6,14075.6,14385.6,14429.0,14465.0,14435.6,14228.6,14240.8,14152.4,14199.4,14193.4,14099.4,14363.8,14212.0,1755106949.840269
1755106950.3951712,j6_to_-pi,0.0,0.0,0.0,0.0,-1.5707963267948966,-1.4000000000000001,-7.791818427619836,1.3438752362492397,-1.0668231623046227e-10,-0.10079064271869297,-0.5843863820714875,-4.235164736271502e-22,0.0,0.0,-7.906860000000001,2.1782638877438215e-06,0.5930144999959994,0.0,14523.2,14362.0,14076.2,14075.4,14385.0,14428.2,14464.4,14435.4,14229.6,14241.4,14152.4,14198.8,14193.4,14100.0,14364.4,14213.4,1755106950.3739111
1755106950.90225,j6_to_-pi,0.0,0.0,0.0,0.0,-1.5707963267948966,-1.5000000000000002,-7.887055446953638,0.5592776021609792,-1.0668231623046227e-10,-0.041945820162073426,-0.5915291585215228,-4.235164736271502e-22,0.0,0.0,-7.906860000000001,2.1782638877438215e-06,0.5930144999959994,0.0,14522.4,14361.4,14076.0,14075.4,14384.4,14427.8,14463.8,14434.6,14229.2,14241.8,14152.6,14199.6,14193.8,14099.6,14365.0,14213.6,1755106950.894526
1755106951.408084,j6_to_-pi,0.0,0.0,0.0,0.0,-1.5707963267948966,-1.6000000000000003,-7.903487615375387,-0.23090814885547783,-1.0668231623046227e-10,0.01731811116416084,-0.592761571153154,-4.235164736271502e-22,0.0,0.0,-7.906860000000001,2.1782638877438215e-06,0.5930144999959994,0.0,14522.0,14361.0,14076.0,14075.4,14383.8,14427.0,14463.0,14434.0,14229.4,14242.6,14152.4,14200.0,14193.6,14100.2,14365.0,14214.6,1755106951.3747048
1755106951.909953,j6_to_-pi,0.0,0.0,0.0,0.0,-1.5707963267948966,-1.7000000000000004,-7.840950748089965,-1.018786741976657,-1.0668231623046227e-10,0.07640900564824926,-0.5880713061067473,-4.235164736271502e-22,0.0,0.0,-7.906860000000001,2.1782638877438215e-06,0.5930144999959994,0.0,14520.6,14360.8,14076.0,14074.8,14382.6,14425.4,14461.8,14433.0,14229.6,14242.8,14153.2,14199.4,14192.8,14099.2,14365.2,14213.2,1755106951.896445
1755106952.415721,j6_to_-pi,0.0,0.0,0.0,0.0,-1.5707963267948966,-1.8000000000000005,-7.700069692803347,-1.7964859547381278,-1.0668231623046227e-10,0.13473644660535958,-0.5775052269602509,-4.235164736271502e-22,0.0,0.0,-7.906860000000001,2.1782638877438215e-06,0.5930144999959994,0.0,14520.6,14360.4,14075.6,14074.4,14382.0,14425.0,14461.2,14432.2,14230.4,14243.2,14154.0,14199.6,14193.6,14100.2,14365.4,14213.8,1755106952.370373
1755106952.9196658,j6_to_-pi,0.0,0.0,0.0,0.0,-1.5707963267948966,-1.9000000000000006,-7.482252086450871,-2.55623527367916,-1.0668231623046227e-10,0.19171764552593695,-0.5611689064838153,-4.235164736271502e-22,0.0,0.0,-7.906860000000001,2.1782638877438215e-06,0.5930144999959994,0.0,14519.4,14360.0,14075.6,14073.2,14381.2,14424.2,14459.8,14431.4,14230.2,14243.4,14153.8,14199.0,14193.4,14099.4,14364.2,14213.8,1755106952.894581
1755106953.425044,j6_to_-pi,0.0,0.0,0.0,0.0,-1.5707963267948966,-2.0000000000000004,-7.189674290554287,-3.290443534744626,-1.0668231623046227e-10,0.24678326510584694,-0.5392255717915714,-4.235164736271502e-22,0.0,0.0,-7.906860000000001,2.1782638877438215e-06,0.5930144999959994,0.0,14518.2,14359.4,14075.0,14073.0,14379.8,14422.2,14458.4,14430.0,14230.2,14243.6,14153.2,14199.6,14192.6,14098.8,14364.4,14213.8,1755106953.4196491
1755106953.933419,j6_to_-pi,0.0,0.0,0.0,0.0,-1.5707963267948966,-2.1000000000000005,-6.8252596457368275,-3.9917747716869494,-1.0668231623046226e-10,0.29938310787652095,-0.5118944734302618,0.0,0.0,0.0,-7.906860000000001,2.178263887743821e-06,0.5930144999959992,0.0,14516.2,14357.8,14073.8,14070.6,14378.0,14420.6,14456.0,14427.4,14228.8,14242.2,14152.6,14198.2,14191.0,14096.8,14362.8,14211.8,1755106953.896151
1755106954.439082,j6_to_-pi,0.0,0.0,0.0,0.0,-1.5707963267948966,-2.2000000000000006,-6.392649262670044,-4.653221514615883,-1.0668231623046227e-10,0.34899161359619113,-0.4794486947002533,-4.235164736271502e-22,0.0,0.0,-7.906860000000001,2.1782638877438215e-06,0.5930144999959994,0.0,14515.6,14357.6,14074.0,14070.8,14376.8,14419.8,14455.4,14427.0,14229.2,14243.6,14154.0,14199.0,14190.6,14096.6,14362.8,14212.6,1755106954.420903
1755106954.944061,j6_to_-pi,0.0,0.0,0.0,0.0,-1.5707963267948966,-2.3000000000000007,-5.896165641299562,-5.268174806321304,-1.0668231623046227e-10,0.39511311047409786,-0.44221242309746717,-4.235164736271502e-22,0.0,0.0,-7.906860000000001,2.1782638877438215e-06,0.5930144999959994,0.0,14514.4,14356.8,14073.2,14069.4,14376.2,14418.0,14453.4,14425.6,14228.8,14242.8,14154.0,14198.6,14190.0,14095.6,14361.8,14211.6,1755106954.886303
1755106955.44895,j6_to_-pi,0.0,0.0,0.0,0.0,-1.5707963267948966,-2.400000000000001,-5.3407694818544496,-5.830490236789028,-1.0668231623046227e-10,0.4372867677591769,-0.40055771113908356,-4.235164736271502e-22,0.0,0.0,-7.906860000000001,2.1782638877438215e-06,0.5930144999959994,0.0,14508.8,14351.6,14068.4,14064.6,14370.4,14412.6,14448.0,14419.4,14224.4,14238.8,14149.8,14194.2,14184.4,14089.6,14356.2,14206.0,1755106955.416863
1755106955.951573,j6_to_-pi,0.0,0.0,0.0,0.0,-1.5707963267948966,-2.500000000000001,-4.732010119170315,-6.334549336114586,-1.0668231623046227e-10,0.47509120020859386,-0.3549007589377737,-4.235164736271502e-22,0.0,0.0,-7.906860000000001,2.1782638877438215e-06,0.5930144999959994,0.0,14499.4,14343.4,14059.6,14055.4,14360.6,14403.2,14438.2,14409.8,14216.2,14230.4,14141.6,14186.8,14176.0,14081.2,14347.2,14197.2,1755106955.937462
1755106956.453614,j6_to_-pi,0.0,0.0,0.0,0.0,-1.5707963267948966,-2.600000000000001,-4.075970075570014,-6.775315712397302,-1.0668231623046227e-10,0.5081486784297976,-0.3056977556677511,-4.235164736271502e-22,0.0,0.0,-7.906860000000001,2.1782638877438215e-06,0.5930144999959994,0.0,14502.0,14346.2,14062.2,14057.6,14362.8,14405.8,14440.6,14412.4,14219.4,14233.8,14144.6,14189.2,14178.0,14083.2,14349.6,14200.6,1755106956.4102201
1755106956.955147,j6_to_-pi,0.0,0.0,0.0,0.0,-1.5707963267948966,-2.700000000000001,-3.379204286311193,-7.148385373703355,-1.0668231623046226e-10,0.5361289030277513,-0.25344032147333934,0.0,0.0,0.0,-7.906860000000001,2.178263887743821e-06,0.5930144999959992,0.0,14504.0,14348.2,14064.4,14059.0,14365.0,14407.6,14442.2,14413.8,14222.2,14236.6,14148.2,14192.6,14180.0,14084.8,14351.8,14201.8,1755106956.935103
1755106957.458074,j6_to_-pi,0.0,0.0,0.0,0.0,-1.5707963267948966,-2.800000000000001,-2.6486746048399747,-7.450030731297408,-1.0668231623046227e-10,0.5587523048473055,-0.19865059536299812,-4.235164736271502e-22,0.0,0.0,-7.906860000000001,2.1782638877438215e-06,0.5930144999959994,0.0,14504.4,14349.2,14065.4,14059.8,14365.6,14408.0,14442.6,14414.0,14223.0,14238.2,14148.8,14193.6,14181.0,14085.6,14352.0,14203.0,1755106957.41633
1755106957.962461,j6_to_-pi,0.0,0.0,0.0,0.0,-1.5707963267948966,-2.9000000000000012,-1.8916802422526153,-7.67723784447708,-1.0668231623046227e-10,0.575792838335781,-0.14187601816894613,-4.235164736271502e-22,0.0,0.0,-7.906860000000001,2.1782638877438215e-06,0.5930144999959994,0.0,14501.0,14346.4,14062.0,14056.0,14361.8,14404.8,14439.4,14411.0,14220.8,14235.8,14146.8,14191.4,14178.0,14082.4,14348.8,14199.8,1755106957.9362
1755106958.4673111,j6_to_-pi,0.0,0.0,0.0,0.0,-1.5707963267948966,-3.0000000000000013,-1.1157848359910192,-7.827736534872164,-1.0668231623046227e-10,0.5870802401154123,-0.08368386269932643,-4.235164736271502e-22,0.0,0.0,-7.906860000000001,2.1782638877438215e-06,0.5930144999959994,0.0,14510.0,14356.0,14070.8,14063.8,14370.6,14413.6,14447.8,14419.4,14230.4,14245.4,14156.4,14201.0,14186.2,14090.6,14357.2,14208.2,1755106958.4636009
1755106958.969127,j6_to_-pi,0.0,0.0,0.0,0.0,-1.5707963267948966,-3.1000000000000014,-0.3287408764776305,-7.900023069316489,-1.0668231623046227e-10,0.5925017301987365,-0.024655565735822286,-4.235164736271502e-22,0.0,0.0,-7.906860000000001,2.1782638877438215e-06,0.5930144999959994,0.0,14506.6,14352.8,14067.8,14060.8,14368.0,14411.0,14444.8,14416.2,14228.4,14242.6,14154.4,14198.6,14183.0,14087.0,14353.8,14205.2,1755106958.9329898
1755106959.474051,j6_to_-pi,0.0,0.0,0.0,0.0,-1.5707963267948966,-3.141592653589793,3.162743999790521e-05,-7.906859999936745,-1.0668231623046227e-10,0.5930144999952558,2.3720579998428904e-06,-4.235164736271502e-22,0.0,0.0,-7.906860000000001,2.1782638877438215e-06,0.5930144999959994,0.0,14506.6,14353.0,14067.6,14061.0,14367.8,14411.4,14445.2,14416.2,14228.6,14243.4,14154.6,14199.4,14183.0,14087.0,14353.8,14204.4,1755106959.46369
1755106959.975056,j6_to_+pi,0.0,0.0,0.0,0.0,-1.5707963267948966,-3.041592653589793,-0.7893373793072903,-7.867361791682666,-1.0668231623046227e-10,0.5900521343762,-0.05920030344804677,-4.235164736271502e-22,0.0,0.0,-7.906860000000001,2.1782638877438215e-06,0.5930144999959994,0.0,14503.2,14349.8,14064.8,14058.4,14364.6,14407.8,14442.0,14413.6,14224.8,14240.0,14151.0,14195.6,14180.0,14085.0,14351.4,14202.4,1755106959.939724
1755106960.47911,j6_to_+pi,0.0,0.0,0.0,0.0,-1.5707963267948966,-2.941592653589793,-1.5708195878807878,-7.749255505010145,-1.0668231623046227e-10,0.5811941628757608,-0.11781146909105905,-4.235164736271502e-22,0.0,0.0,-7.906860000000001,2.1782638877438215e-06,0.5930144999959994,0.0,14505.2,14350.8,14065.8,14060.0,14366.0,14409.2,14443.0,14414.8,14226.2,14240.2,14151.4,14196.6,14181.8,14086.0,14353.0,14203.4,1755106960.4633138
1755106960.984677,j6_to_+pi,0.0,0.0,0.0,0.0,-1.5707963267948966,-2.841592653589793,-2.3366066863761006,-7.553721218894863,-1.0668231623046226e-10,0.5665290914171144,-0.17524550147820747,0.0,0.0,0.0,-7.906860000000001,2.178263887743821e-06,0.5930144999959992,0.0,14505.8,14351.0,14066.4,14060.8,14366.8,14410.0,14444.4,14415.8,14225.4,14240.4,14151.0,14196.0,14182.2,14087.2,14353.6,14204.2,1755106960.931954
1755106961.4904718,j6_to_+pi,0.0,0.0,0.0,0.0,-1.5707963267948966,-2.7415926535897928,-3.0790471832406237,-7.282712647288644,-1.0668231623046227e-10,0.5462034485466483,-0.23092853874304672,-4.235164736271502e-22,0.0,0.0,-7.906860000000001,2.1782638877438215e-06,0.5930144999959994,0.0,14507.0,14351.2,14067.4,14061.6,14367.6,14409.8,14444.6,14416.4,14225.0,14240.0,14151.0,14195.6,14183.4,14088.2,14354.4,14204.8,1755106961.4621701
1755106961.993165,j6_to_+pi,0.0,0.0,0.0,0.0,-1.5707963267948966,-2.6415926535897927,-3.790722858447886,-6.938937618255455,-1.0668231623046226e-10,0.5204203213691588,-0.28430421438359127,0.0,0.0,0.0,-7.906860000000001,2.178263887743821e-06,0.5930144999959992,0.0,14507.6,14351.6,14067.0,14062.2,14368.8,14410.8,14446.0,14417.6,14225.6,14239.8,14150.6,14195.4,14183.8,14088.2,14354.8,14205.6,1755106961.9856389
1755106962.496286,j6_to_+pi,0.0,0.0,0.0,0.0,-1.5707963267948966,-2.5415926535897926,-4.464522883899917,-6.525831018248478,-1.0668231623046227e-10,0.4894373263686357,-0.3348392162924938,-4.235164736271502e-22,0.0,0.0,-7.906860000000001,2.1782638877438215e-06,0.5930144999959994,0.0,14506.8,14351.0,14067.0,14061.6,14367.8,14410.8,14445.6,14417.2,14224.0,14238.8,14148.4,14193.6,14183.0,14088.6,14354.6,14205.4,1755106962.462192
1755106962.998976,j6_to_+pi,0.0,0.0,0.0,0.0,-1.5707963267948966,-2.4415926535897925,-5.093714872471078,-6.0475204718600954,-1.0668231623046227e-10,0.45356403538950707,-0.3820286154353308,-4.235164736271502e-22,0.0,0.0,-7.906860000000001,2.1782638877438215e-06,0.5930144999959994,0.0,14508.2,14351.2,14067.4,14063.6,14369.0,14411.4,14446.2,14418.2,14224.2,14239.0,14148.8,14193.6,14184.2,14089.0,14355.4,14205.2,1755106962.986058
1755106963.504662,j6_to_+pi,0.0,0.0,0.0,0.0,-1.5707963267948966,-2.3415926535897924,-5.672012145794782,-5.5087850999613766,-1.0668231623046227e-10,0.4131588824971032,-0.42540091093460863,-4.235164736271502e-22,0.0,0.0,-7.906860000000001,2.1782638877438215e-06,0.5930144999959994,0.0,14507.8,14350.8,14067.2,14063.0,14369.0,14411.4,14446.6,14418.4,14222.8,14236.6,14148.0,14192.8,14183.6,14089.0,14355.2,14205.0,1755106963.4590552
1755106964.008659,j6_to_+pi,0.0,0.0,0.0,0.0,-1.5707963267948966,-2.2415926535897923,-6.193636548675644,-4.9150077683060935,-1.0668231623046227e-10,0.368625582622957,-0.46452274115067327,-4.235164736271502e-22,0.0,0.0,-7.906860000000001,2.1782638877438215e-06,0.5930144999959994,0.0,14507.4,14350.2,14066.2,14063.0,14368.6,14410.8,14446.2,14417.8,14221.2,14235.4,14146.2,14191.8,14182.4,14087.8,14354.8,14204.4,1755106963.989033
1755106964.514197,j6_to_+pi,0.0,0.0,0.0,0.0,-1.5707963267948966,-2.1415926535897922,-6.653376182506181,-4.272121303715458,-1.0668231623046227e-10,0.3204090977786594,-0.4990032136879635,-4.235164736271502e-22,0.0,0.0,-7.906860000000001,2.1782638877438215e-06,0.5930144999959994,0.0,14504.8,14347.0,14062.8,14060.6,14366.2,14408.2,14444.2,14415.8,14217.6,14231.8,14143.0,14188.4,14179.6,14085.4,14352.4,14201.0,1755106964.453822
1755106965.0195541,j6_to_+pi,0.0,0.0,0.0,0.0,-1.5707963267948966,-2.041592653589792,-7.046637480834877,-3.5865492152336476,-1.0668231623046227e-10,0.26899119114252357,-0.5284978110626157,-4.235164736271502e-22,0.0,0.0,-7.906860000000001,2.1782638877438215e-06,0.5930144999959994,0.0,14505.2,14346.4,14062.2,14059.6,14366.0,14408.8,14444.4,14415.8,14216.8,14230.6,14141.2,14186.6,14178.8,14085.0,14350.8,14200.4,1755106964.985585
1755106965.523984,j6_to_+pi,0.0,0.0,0.0,0.0,-1.5707963267948966,-1.941592653589792,-7.369491106763733,-2.8651415125487696,-1.0668231623046227e-10,0.21488561344115767,-0.5527118330072799,-4.235164736271502e-22,0.0,0.0,-7.906860000000001,2.1782638877438215e-06,0.5930144999959994,0.0,14507.4,14349.0,14065.0,14062.6,14369.0,14411.2,14447.4,14418.8,14218.6,14232.4,14143.4,14188.6,14181.6,14087.8,14353.4,14202.6,1755106965.5021162
1755106966.0281768,j6_to_+pi,0.0,0.0,0.0,0.0,-1.5707963267948966,-1.841592653589792,-7.618711213583687,-2.115106262960369,-1.0668231623046226e-10,0.15863296972202764,-0.5714033410187762,0.0,0.0,0.0,-7.906860000000001,2.178263887743821e-06,0.5930144999959992,0.0,14514.2,14355.6,14070.2,14069.0,14375.4,14418.6,14454.6,14425.8,14224.0,14237.2,14149.4,14194.0,14187.0,14093.4,14359.6,14208.4,1755106965.98099
1755106966.5338418,j6_to_+pi,0.0,0.0,0.0,0.0,-1.5707963267948966,-1.7415926535897919,-7.791807676368609,-1.343937570753644,-1.0668231623046227e-10,0.1007953178065233,-0.5843855757276456,-4.235164736271502e-22,0.0,0.0,-7.906860000000001,2.1782638877438215e-06,0.5930144999959994,0.0,14516.0,14356.6,14071.6,14070.6,14377.4,14420.0,14456.0,14427.8,14225.0,14238.2,14149.6,14194.6,14188.8,14095.0,14360.4,14209.8,1755106966.511025
1755106967.039476,j6_to_+pi,0.0,0.0,0.0,0.0,-1.5707963267948966,-1.6415926535897918,-7.887050972480436,-0.5593406985866456,-1.0668231623046227e-10,0.041950552393998405,-0.5915288229360327,-4.235164736271502e-22,0.0,0.0,-7.906860000000001,2.1782638877438215e-06,0.5930144999959994,0.0,14516.6,14356.8,14071.4,14070.8,14378.2,14421.0,14457.4,14428.2,14225.0,14238.0,14148.8,14194.6,14188.4,14094.8,14360.2,14208.8,1755106967.027901
1755106967.54064,j6_to_+pi,0.0,0.0,0.0,0.0,-1.5707963267948966,-1.5415926535897917,-7.9034894623876655,0.2308449209471783,-1.0668231623046227e-10,-0.01731336907103837,-0.5927617096790749,-4.235164736271502e-22,0.0,0.0,-7.906860000000001,2.1782638877438215e-06,0.5930144999959994,0.0,14517.6,14357.2,14071.6,14071.2,14379.2,14422.0,14458.2,14429.0,14224.8,14237.6,14148.4,14194.8,14188.8,14094.8,14360.4,14208.6,1755106967.499764
1755106968.0451179,j6_to_+pi,0.0,0.0,0.0,0.0,-1.5707963267948966,-1.4415926535897916,-7.840958898132988,1.0187240143380834,-1.0668231623046227e-10,-0.07640430107535624,-0.5880719173599741,-4.235164736271502e-22,0.0,0.0,-7.906860000000001,2.1782638877438215e-06,0.5930144999959994,0.0,14518.8,14357.8,14072.0,14071.8,14380.0,14423.2,14459.8,14430.6,14225.0,14237.6,14149.2,14195.6,14189.2,14095.2,14360.2,14209.2,1755106968.033078
1755106968.550433,j6_to_+pi,0.0,0.0,0.0,0.0,-1.5707963267948966,-1.3415926535897915,-7.700084064444581,1.7964243541231102,-1.0668231623046227e-10,-0.13473182655923324,-0.5775063048333434,-4.235164736271502e-22,0.0,0.0,-7.906860000000001,2.1782638877438215e-06,0.5930144999959994,0.0,14520.6,14360.2,14073.0,14073.2,14382.4,14425.4,14461.6,14432.4,14226.8,14238.4,14149.8,14197.4,14189.6,14096.4,14361.4,14209.8,1755106968.550025
1755106969.0559602,j6_to_+pi,0.0,0.0,0.0,0.0,-1.5707963267948966,-1.2415926535897914,-7.4822725360936255,2.55617541558068,-1.0668231623046227e-10,-0.191713156168551,-0.5611704402070218,-4.235164736271502e-22,0.0,0.0,-7.906860000000001,2.1782638877438215e-06,0.5930144999959994,0.0,14522.0,14360.8,14073.8,14073.8,14383.6,14427.0,14463.4,14433.8,14227.4,14239.4,14150.2,14198.8,14190.8,14097.2,14362.2,14210.4,1755106969.029154
1755106969.5575712,j6_to_+pi,0.0,0.0,0.0,0.0,-1.5707963267948966,-1.1415926535897913,-7.18970061387249,3.2903860172450203,-1.0668231623046227e-10,-0.24677895129337651,-0.5392275460404367,-4.235164736271502e-22,0.0,0.0,-7.906860000000001,2.1782638877438215e-06,0.5930144999959994,0.0,14522.8,14361.0,14073.4,14074.0,14384.2,14427.6,14464.0,14434.4,14227.8,14239.8,14150.0,14198.2,14189.6,14096.8,14362.0,14209.2,1755106969.551805
1755106970.0601249,j6_to_+pi,0.0,0.0,0.0,0.0,-1.5707963267948966,-1.0415926535897913,-6.825291579716585,3.991720169482058,-1.0668231623046227e-10,-0.2993790127111543,-0.5118968684787438,-4.235164736271502e-22,0.0,0.0,-7.906860000000001,2.1782638877438215e-06,0.5930144999959994,0.0,14525.4,14363.4,14075.2,14075.8,14382.8,14427.0,14464.0,14433.8,14226.6,14240.0,14150.0,14197.2,14191.2,14098.0,14363.8,14211.0,1755106970.028399
1755106970.565802,j6_to_+pi,0.0,0.0,0.0,0.0,-1.5707963267948966,-0.9415926535897913,-6.392686488237589,4.6531703732728875,-1.0668231623046227e-10,-0.3489877779954666,-0.4794514866178191,-4.235164736271502e-22,0.0,0.0,-7.906860000000001,2.1782638877438215e-06,0.5930144999959994,0.0,14525.2,14363.2,14075.0,14075.4,14383.6,14427.0,14463.8,14434.0,14227.0,14238.8,14151.2,14197.4,14191.2,14097.6,14362.8,14210.6,1755106970.555261
1755106971.070091,j6_to_+pi,0.0,0.0,0.0,0.0,-1.5707963267948966,-0.8415926535897913,-5.8962077865093265,5.268127636827602,-1.0668231623046227e-10,-0.39510957276207015,-0.44221558398819955,-4.235164736271502e-22,0.0,0.0,-7.906860000000001,2.1782638877438215e-06,0.5930144999959994,0.0,14525.6,14363.8,14075.4,14076.4,14384.6,14428.4,14465.0,14435.4,14227.8,14239.8,14150.8,14198.0,14190.8,14097.6,14362.4,14210.8,1755106971.0309591
1755106971.573725,j6_to_+pi,0.0,0.0,0.0,0.0,-1.5707963267948966,-0.7415926535897913,-5.340816125605429,5.830447510446604,-1.0668231623046227e-10,-0.4372835632834952,-0.40056120942040707,-4.235164736271502e-22,0.0,0.0,-7.906860000000001,2.1782638877438215e-06,0.5930144999959994,0.0,14526.2,14364.8,14075.6,14076.0,14385.0,14429.2,14465.6,14435.8,14227.6,14240.0,14151.2,14198.8,14190.8,14097.0,14362.0,14210.2,1755106971.549024
1755106972.075097,j6_to_+pi,0.0,0.0,0.0,0.0,-1.5707963267948966,-0.6415926535897913,-4.732060795413572,6.334511479830932,-1.0668231623046227e-10,-0.4750883609873199,-0.35490455965601786,-4.235164736271502e-22,0.0,0.0,-7.906860000000001,2.1782638877438215e-06,0.5930144999959994,0.0,14526.4,14364.8,14075.4,14075.6,14385.2,14430.0,14466.0,14435.4,14228.0,14240.0,14151.4,14198.0,14190.4,14097.0,14361.0,14209.4,1755106972.0719628
1755106972.581098,j6_to_+pi,0.0,0.0,0.0,0.0,-1.5707963267948966,-0.5415926535897914,-4.076024277965275,6.775283104419892,-1.0668231623046227e-10,-0.5081462328314919,-0.3057018208473956,-4.235164736271502e-22,0.0,0.0,-7.906860000000001,2.1782638877438215e-06,0.5930144999959994,0.0,14526.8,14365.2,14074.4,14075.0,14385.8,14430.4,14466.2,14435.8,14227.8,14239.4,14151.0,14199.2,14189.2,14096.0,14361.0,14208.8,1755106972.551237
1755106973.086761,j6_to_+pi,0.0,0.0,0.0,0.0,-1.5707963267948966,-0.4415926535897914,-3.37926147328604,7.14835833984032,-1.0668231623046227e-10,-0.536126875488024,-0.25344461049645295,-4.235164736271502e-22,0.0,0.0,-7.906860000000001,2.1782638877438215e-06,0.5930144999959994,0.0,14526.8,14365.2,14074.2,14074.8,14386.0,14430.8,14466.0,14435.8,14228.6,14239.4,14152.0,14200.0,14189.2,14095.8,14359.8,14208.4,1755106973.0705888
1755106973.5905201,j6_to_+pi,0.0,0.0,0.0,0.0,-1.5707963267948966,-0.3415926535897914,-2.6487342050010603,7.450009541662171,-1.0668231623046227e-10,-0.5587507156246627,-0.19865506537507951,-4.235164736271502e-22,0.0,0.0,-7.906860000000001,2.1782638877438215e-06,0.5930144999959994,0.0,14526.8,14365.2,14074.6,14074.4,14386.4,14431.0,14466.6,14435.2,14228.4,14240.0,14152.2,14200.2,14187.8,14095.0,14358.2,14207.0,1755106973.5490181
1755106974.092181,j6_to_+pi,0.0,0.0,0.0,0.0,-1.5707963267948966,-0.2415926535897914,-1.89174166009483,7.677222710789472,-1.0668231623046227e-10,-0.5757917033092104,-0.14188062450711225,-4.235164736271502e-22,0.0,0.0,-7.906860000000001,2.1782638877438215e-06,0.5930144999959994,0.0,14527.4,14366.2,14074.4,14074.2,14386.4,14431.8,14467.0,14436.2,14229.4,14240.4,14152.6,14201.0,14188.4,14094.4,14358.4,14207.0,1755106974.080126
1755106974.595233,j6_to_+pi,0.0,0.0,0.0,0.0,-1.5707963267948966,-0.1415926535897914,-1.1158474578475863,7.827727608342991,-1.0668231623046227e-10,-0.5870795706257242,-0.08368855933856896,-4.235164736271502e-22,0.0,0.0,-7.906860000000001,2.1782638877438215e-06,0.5930144999959994,0.0,14527.2,14366.6,14074.0,14074.0,14386.2,14432.2,14466.8,14435.8,14229.6,14240.6,14153.4,14201.0,14187.8,14093.6,14358.0,14206.0,1755106974.548202
1755106975.100671,j6_to_+pi,0.0,0.0,0.0,0.0,-1.5707963267948966,-0.04159265358979139,-0.3288040766516591,7.900020439136677,-1.0668231623046227e-10,-0.5925015329352507,-0.024660305748874435,-4.235164736271502e-22,0.0,0.0,-7.906860000000001,2.1782638877438215e-06,0.5930144999959994,0.0,14527.6,14366.8,14074.0,14074.0,14387.2,14432.4,14467.2,14436.0,14230.0,14241.4,14154.0,14202.4,14187.0,14093.0,14357.2,14206.2,1755106975.072184
1755106975.602509,j6_to_+pi,0.0,0.0,0.0,0.0,-1.5707963267948966,0.058407346410208616,0.4615246061899939,7.893378877102073,-1.0668231623046227e-10,-0.5920034157826554,0.034614345464249546,-4.235164736271502e-22,0.0,0.0,-7.906860000000001,2.1782638877438215e-06,0.5930144999959994,0.0,14527.2,14366.8,14074.0,14073.4,14386.6,14432.8,14467.0,14435.4,14230.6,14241.6,14155.6,14202.6,14187.0,14092.6,14356.8,14205.8,1755106975.600137
1755106976.106035,j6_to_+pi,0.0,0.0,0.0,0.0,-1.5707963267948966,0.15840734641020862,1.2472418877263485,7.807869282531618,-1.0668231623046227e-10,-0.5855901961898713,0.09354314157947609,-4.235164736271502e-22,0.0,0.0,-7.906860000000001,2.1782638877438215e-06,0.5930144999959994,0.0,14527.4,14367.2,14073.8,14073.2,14386.8,14433.0,14467.0,14435.2,14231.2,14242.6,14155.6,14203.4,14186.2,14091.4,14356.0,14205.4,1755106976.073094
1755106976.611315,j6_to_+pi,0.0,0.0,0.0,0.0,-1.5707963267948966,0.2584073464102086,2.0204971406038945,7.64434603902855,-1.0668231623046227e-10,-0.5733259529271412,0.15153728554529208,-4.235164736271502e-22,0.0,0.0,-7.906860000000001,2.1782638877438215e-06,0.5930144999959994,0.0,14527.4,14368.0,14074.0,14072.6,14387.0,14433.0,14467.2,14435.4,14232.2,14243.6,14156.8,14204.0,14186.0,14092.0,14355.2,14205.0,1755106976.5913532
1755106977.117455,j6_to_+pi,0.0,0.0,0.0,0.0,-1.5707963267948966,0.35840734641020866,2.773564253940084,7.404443016788351,-1.0668231623046227e-10,-0.5553332262591263,0.20801731904550624,-4.235164736271502e-22,0.0,0.0,-7.906860000000001,2.1782638877438215e-06,0.5930144999959994,0.0,14527.0,14367.4,14073.4,14071.6,14386.2,14432.8,14466.8,14434.2,14231.8,14244.0,14157.6,14205.4,14185.0,14090.4,14354.8,14204.2,1755106977.075032
1755106977.623892,j6_to_+pi,0.0,0.0,0.0,0.0,-1.5707963267948966,0.45840734641020864,3.498918830069352,7.090557247507851,-1.0668231623046227e-10,-0.5317917935630887,0.26241891225520136,-4.235164736271502e-22,0.0,0.0,-7.906860000000001,2.1782638877438215e-06,0.5930144999959994,0.0,14527.0,14368.4,14073.8,14071.6,14386.6,14432.8,14466.4,14434.2,14233.0,14244.0,14158.8,14205.8,14184.6,14090.4,14354.4,14205.0,1755106977.599882
1755106978.125047,j6_to_+pi,0.0,0.0,0.0,0.0,-1.5707963267948966,0.5584073464102086,4.189313365837361,6.705824974036859,-1.0668231623046227e-10,-0.5029368730527644,0.31419850243780195,-4.235164736271502e-22,0.0,0.0,-7.906860000000001,2.1782638877438215e-06,0.5930144999959994,0.0,14526.6,14368.2,14074.0,14071.0,14385.6,14432.6,14466.4,14433.2,14233.4,14245.0,14158.8,14206.2,14184.8,14089.6,14354.0,14204.4,1755106978.124644
1755106978.6298041,j6_to_+pi,0.0,0.0,0.0,0.0,-1.5707963267948966,0.6584073464102086,4.837849667256807,6.254090314076317,-1.0668231623046227e-10,-0.4690567735557238,0.3628387250442604,-4.235164736271502e-22,0.0,0.0,-7.906860000000001,2.1782638877438215e-06,0.5930144999959994,0.0,14526.8,14368.8,14074.4,14071.0,14385.6,14432.8,14465.8,14433.2,14234.0,14246.0,14159.8,14207.2,14184.4,14089.6,14353.6,14204.0,1755106978.589141
1755106979.135133,j6_to_+pi,0.0,0.0,0.0,0.0,-1.5707963267948966,0.7584073464102086,5.438047773981506,5.739866851024924,-1.0668231623046227e-10,-0.43049001382686924,0.40785358304861297,-4.235164736271502e-22,0.0,0.0,-7.906860000000001,2.1782638877438215e-06,0.5930144999959994,0.0,14525.4,14369.0,14074.8,14070.6,14385.2,14432.4,14465.0,14433.0,14234.4,14246.4,14160.6,14208.0,14184.2,14089.2,14353.6,14203.8,1755106979.115416
1755106979.640791,j6_to_+pi,0.0,0.0,0.0,0.0,-1.5707963267948966,0.8584073464102085,5.983910704928183,5.168292535745813,-1.0668231623046227e-10,-0.38762194018093593,0.4487933028696137,-4.235164736271502e-22,0.0,0.0,-7.906860000000001,2.1782638877438215e-06,0.5930144999959994,0.0,14525.6,14369.0,14074.0,14070.4,14384.8,14431.8,14464.4,14431.8,14234.4,14247.2,14161.4,14208.2,14184.2,14088.6,14353.2,14203.8,1755106979.590261
1755106980.146386,j6_to_+pi,0.0,0.0,0.0,0.0,-1.5707963267948966,0.9584073464102085,6.469984378129113,4.545078349859902,-1.0668231623046227e-10,-0.34088087623949276,0.4852488283596834,-4.235164736271502e-22,0.0,0.0,-7.906860000000001,2.1782638877438215e-06,0.5930144999959994,0.0,14525.0,14369.2,14074.6,14070.2,14384.6,14431.0,14464.2,14431.2,14235.6,14247.8,14161.4,14208.4,14184.4,14088.4,14353.2,14204.2,1755106980.11992
1755106980.652013,j6_to_+pi,0.0,0.0,0.0,0.0,-1.5707963267948966,1.0584073464102086,6.891412106116268,3.876451243505346,-1.0668231623046227e-10,-0.2907338432629009,0.51685590795872,-4.235164736271502e-22,0.0,0.0,-7.906860000000001,2.1782638877438215e-06,0.5930144999959994,0.0,14524.4,14369.2,14075.0,14070.0,14383.8,14430.6,14463.2,14430.8,14236.6,14249.0,14162.6,14208.8,14184.6,14088.8,14353.0,14205.0,1755106980.641618
1755106981.155215,j6_to_+pi,0.0,0.0,0.0,0.0,-1.5707963267948966,1.1584073464102087,7.243983122337082,3.1690919177101002,-1.0668231623046227e-10,-0.2376818938282575,0.5432987341752812,-4.235164736271502e-22,0.0,0.0,-7.906860000000001,2.1782638877438215e-06,0.5930144999959994,0.0,14524.2,14369.6,14075.4,14069.4,14383.0,14430.6,14462.2,14430.6,14236.8,14249.0,14162.6,14209.4,14184.6,14088.4,14353.4,14205.2,1755106981.116394
1755106981.658476,j6_to_+pi,0.0,0.0,0.0,0.0,-1.5707963267948966,1.2584073464102088,7.524174653741964,2.4300680730356063,-1.0668231623046227e-10,-0.18225510547767043,0.5643130990306472,-4.235164736271502e-22,0.0,0.0,-7.906860000000001,2.1782638877438215e-06,0.5930144999959994,0.0,14524.2,14369.8,14075.0,14069.8,14383.2,14430.0,14462.2,14430.0,14237.2,14249.8,14163.2,14210.0,14184.4,14088.6,14353.8,14205.8,1755106981.6414819
1755106982.162,j6_to_+pi,0.0,0.0,0.0,0.0,-1.5707963267948966,1.3584073464102089,7.729187119168119,1.666763791449048,-1.0668231623046227e-10,-0.12500728435867858,0.5796890339376088,-4.235164736271502e-22,0.0,0.0,-7.906860000000001,2.1782638877438215e-06,0.5930144999959994,0.0,14523.8,14369.4,14075.8,14069.6,14382.8,14429.2,14460.8,14428.4,14237.6,14250.0,14164.2,14209.8,14185.2,14088.4,14353.6,14206.0,1755106982.1205719
1755106982.6662312,j6_to_+pi,0.0,0.0,0.0,0.0,-1.5707963267948966,1.458407346410209,7.856972101829124,0.8868057570171883,-1.0668231623046227e-10,-0.06651043177628911,0.5892729076371842,-4.235164736271502e-22,0.0,0.0,-7.906860000000001,2.1782638877438215e-06,0.5930144999959994,0.0,14524.2,14369.2,14075.8,14069.6,14382.2,14428.8,14460.6,14428.6,14237.8,14251.0,14164.8,14210.6,14184.8,14089.0,14353.8,14206.2,1755106982.637333
1755106983.168043,j6_to_+pi,0.0,0.0,0.0,0.0,-1.5707963267948966,1.558407346410209,7.906252816418326,0.09798705260022253,-1.0668231623046227e-10,-0.007349028945016689,0.5929689612313744,-4.235164736271502e-22,0.0,0.0,-7.906860000000001,2.1782638877438215e-06,0.5930144999959994,0.0,14523.6,14369.4,14076.4,14069.6,14381.2,14427.8,14459.4,14427.6,14237.6,14251.4,14164.8,14211.0,14185.6,14089.4,14354.8,14207.2,1755106983.1636071
1755106983.673679,j6_to_+pi,0.0,0.0,0.0,0.0,-1.5707963267948966,1.6584073464102091,7.87653686632559,-0.6918107060561115,-1.0668231623046227e-10,0.05188580295420837,0.5907402649744191,-4.235164736271502e-22,0.0,0.0,-7.906860000000001,2.1782638877438215e-06,0.5930144999959994,0.0,14522.8,14369.2,14076.8,14069.8,14381.0,14427.6,14459.0,14426.8,14238.4,14252.0,14165.6,14211.0,14186.4,14088.6,14355.0,14207.8,1755106983.638898
1755106984.1794932,j6_to_+pi,0.0,0.0,0.0,0.0,-1.5707963267948966,1.7584073464102092,7.768121163501453,-1.4746961208197487,-1.0668231623046227e-10,0.1106022090614811,0.5826090872626088,-4.235164736271502e-22,0.0,0.0,-7.906860000000001,2.1782638877438215e-06,0.5930144999959994,0.0,14522.6,14369.2,14077.8,14069.4,14380.4,14426.8,14458.0,14427.0,14237.8,14252.0,14166.0,14210.6,14186.2,14089.4,14355.4,14208.0,1755106984.169791
1755106984.683945,j6_to_+pi,0.0,0.0,0.0,0.0,-1.5707963267948966,1.8584073464102093,7.5820889618110705,-2.2428468594138815,-1.0668231623046227e-10,0.16821351445604107,0.5686566721358303,-4.235164736271502e-22,0.0,0.0,-7.906860000000001,2.1782638877438215e-06,0.5930144999959994,0.0,14521.8,14369.0,14077.4,14069.8,14379.6,14425.8,14457.0,14426.2,14238.8,14252.8,14165.8,14211.0,14187.0,14089.8,14355.6,14208.8,1755106984.636992
1755106985.190557,j6_to_+pi,0.0,0.0,0.0,0.0,-1.5707963267948966,1.9584073464102094,7.320299033519662,-2.9885878135753523,-1.0668231623046227e-10,0.2241440860181514,0.5490224275139746,-4.235164736271502e-22,0.0,0.0,-7.906860000000001,2.1782638877438215e-06,0.5930144999959994,0.0,14521.6,14369.0,14077.4,14070.2,14379.0,14425.4,14456.8,14425.2,14239.2,14252.8,14167.2,14211.0,14187.4,14090.2,14356.2,14209.4,1755106985.166523
1755106985.696432,j6_to_+pi,0.0,0.0,0.0,0.0,-1.5707963267948966,2.0584073464102093,6.9853670970544695,-3.7044677861993645,-1.0668231623046227e-10,0.27783508396495227,0.5239025322790851,-4.235164736271502e-22,0.0,0.0,-7.906860000000001,2.1782638877438215e-06,0.5930144999959994,0.0,14521.0,14369.0,14078.2,14070.0,14378.6,14424.2,14456.2,14424.8,14239.0,14252.8,14166.2,14211.0,14187.8,14090.2,14357.4,14209.6,1755106985.691581
1755106986.2007308,j6_to_+pi,0.0,0.0,0.0,0.0,-1.5707963267948966,2.1584073464102094,6.580639681610872,-4.383333941237918,-1.0668231623046227e-10,0.32875004559284376,0.4935479761208154,-4.235164736271502e-22,0.0,0.0,-7.906860000000001,2.1782638877438215e-06,0.5930144999959994,0.0,14520.8,14368.8,14078.4,14070.2,14378.0,14423.2,14455.2,14424.4,14239.2,14254.0,14166.6,14210.6,14188.2,14091.4,14357.2,14210.0,1755106986.1639302
1755106986.703316,j6_to_+pi,0.0,0.0,0.0,0.0,-1.5707963267948966,2.2584073464102095,6.1101606897388905,-5.018403272473184,-1.0668231623046227e-10,0.3763802454354888,0.45826205173041684,-4.235164736271502e-22,0.0,0.0,-7.906860000000001,2.1782638877438215e-06,0.5930144999959994,0.0,14520.2,14368.6,14078.8,14070.8,14378.0,14423.4,14454.6,14424.4,14238.8,14253.0,14166.8,14210.6,14188.6,14091.8,14358.4,14211.2,1755106986.684588
1755106987.2055511,j6_to_+pi,0.0,0.0,0.0,0.0,-1.5707963267948966,2.3584073464102095,5.578630992005629,-5.603330377073466,-1.0668231623046227e-10,0.42024977828050997,0.41839732440042215,-4.235164736271502e-22,0.0,0.0,-7.906860000000001,2.1782638877438215e-06,0.5930144999959994,0.0,14520.0,14368.4,14079.2,14071.0,14377.4,14422.0,14454.0,14424.4,14238.8,14253.8,14166.6,14210.2,14189.6,14092.0,14359.0,14212.0,1755106987.1631901
1755106987.711139,j6_to_+pi,0.0,0.0,0.0,0.0,-1.5707963267948966,2.4584073464102096,4.9913614574504805,-6.1322708567607975,-1.0668231623046226e-10,0.4599203142570596,0.37435210930878593,0.0,0.0,0.0,-7.906860000000001,2.178263887743821e-06,0.5930144999959992,0.0,14519.6,14367.6,14079.2,14071.0,14377.0,14421.6,14453.8,14423.6,14237.8,14253.6,14165.6,14209.8,14189.6,14092.6,14359.4,14212.0,1755106987.6851158
1755106988.215692,j6_to_+pi,0.0,0.0,0.0,0.0,-1.5707963267948966,2.5584073464102097,4.354219889137223,-6.599939713106615,-1.0668231623046227e-10,0.4949954784829961,0.3265664916852917,-4.235164736271502e-22,0.0,0.0,-7.906860000000001,2.1782638877438215e-06,0.5930144999959994,0.0,14519.6,14367.4,14079.0,14071.2,14376.2,14421.0,14452.6,14423.4,14238.2,14253.0,14164.8,14210.2,14190.6,14092.8,14360.0,14213.2,1755106988.155613
1755106988.720132,j6_to_+pi,0.0,0.0,0.0,0.0,-1.5707963267948966,2.65840734641021,3.6735723950054404,-7.001664153489083,-1.0668231623046226e-10,0.5251248115116809,0.2755179296254079,0.0,0.0,0.0,-7.906860000000001,2.178263887743821e-06,0.5930144999959992,0.0,14519.0,14366.6,14079.4,14071.6,14375.8,14420.2,14453.0,14423.4,14238.0,14253.0,14165.6,14209.0,14190.2,14093.4,14360.4,14213.4,1755106988.689903
1755106989.224842,j6_to_+pi,0.0,0.0,0.0,0.0,-1.5707963267948966,2.75840734641021,2.9562197798243486,-7.333430280092344,-1.0668231623046227e-10,0.5500072710069257,0.22171648348682615,-4.235164736271502e-22,0.0,0.0,-7.906860000000001,2.1782638877438215e-06,0.5930144999959994,0.0,14519.6,14366.6,14079.4,14072.2,14376.0,14420.0,14452.4,14423.8,14237.4,14253.4,14165.0,14208.4,14191.6,14094.2,14361.8,14214.4,1755106989.208786
1755106989.728595,j6_to_+pi,0.0,0.0,0.0,0.0,-1.5707963267948966,2.85840734641021,2.2093295937995894,-7.59192319544668,-1.0668231623046227e-10,0.569394239658501,0.1656997195349692,-4.235164736271502e-22,0.0,0.0,-7.906860000000001,2.1782638877438215e-06,0.5930144999959994,0.0,14519.2,14366.4,14080.4,14072.6,14375.8,14419.2,14452.0,14423.4,14237.0,14252.4,14164.2,14207.8,14191.6,14095.2,14362.6,14214.0,1755106989.687107
1755106990.230731,j6_to_+pi,0.0,0.0,0.0,0.0,-1.5707963267948966,2.95840734641021,1.4403645167808523,-7.774560123788268,-1.0668231623046227e-10,0.5830920092841201,0.10802733875856392,-4.235164736271502e-22,0.0,0.0,-7.906860000000001,2.1782638877438215e-06,0.5930144999959994,0.0,14519.4,14367.0,14081.0,14073.8,14375.6,14419.8,14452.8,14424.4,14237.0,14253.0,14164.4,14207.6,14193.0,14096.2,14363.6,14215.0,1755106990.205826
1755106990.73379,j6_to_+pi,0.0,0.0,0.0,0.0,-1.5707963267948966,3.05840734641021,0.6570077936316482,-7.87951621730086,-1.0668231623046227e-10,0.5909637162975645,0.04927558452237361,-4.235164736271502e-22,0.0,0.0,-7.906860000000001,2.1782638877438215e-06,0.5930144999959994,0.0,14517.0,14364.2,14077.8,14071.2,14374.2,14417.4,14450.8,14422.2,14235.2,14251.2,14161.8,14205.6,14191.8,14095.2,14362.4,14214.0,1755106990.6860108
1755106991.239512,j6_to_+pi,0.0,0.0,0.0,0.0,-1.5707963267948966,3.141592653589793,3.162743999984184e-05,-7.906859999936745,-1.0668231623046227e-10,0.5930144999952558,2.3720579999881375e-06,-4.235164736271502e-22,0.0,0.0,-7.906860000000001,2.1782638877438215e-06,0.5930144999959994,0.0,14517.4,14363.8,14078.0,14071.4,14374.2,14417.4,14451.2,14423.0,14235.6,14250.6,14161.2,14205.8,14192.2,14095.2,14362.6,14214.8,1755106991.207308
1755106991.741189,j6_to_0,0.0,0.0,0.0,0.0,-1.5707963267948966,3.041592653589793,0.7894003181763622,-7.867355476731877,-1.0668231623046227e-10,0.5900516607548906,0.059205023863227166,-4.235164736271502e-22,0.0,0.0,-7.906860000000001,2.1782638877438215e-06,0.5930144999959994,0.0,14517.4,14363.8,14078.2,14071.2,14373.8,14417.4,14451.0,14422.4,14236.0,14251.2,14162.6,14205.8,14192.0,14095.2,14362.6,14214.0,1755106991.736317
1755106992.245981,j6_to_0,0.0,0.0,0.0,0.0,-1.5707963267948966,2.941592653589793,1.570881581874559,-7.749242938205466,-1.0668231623046227e-10,0.5811932203654099,0.11781611864059188,-4.235164736271502e-22,0.0,0.0,-7.906860000000001,2.1782638877438215e-06,0.5930144999959994,0.0,14517.4,14364.6,14078.2,14071.2,14374.8,14418.2,14452.0,14423.0,14237.6,14252.0,14163.8,14207.0,14192.0,14095.0,14362.2,14214.0,1755106992.2011049
1755106992.7489338,j6_to_0,0.0,0.0,0.0,0.0,-1.5707963267948966,2.841592653589793,2.336667116071078,-7.553702525799653,-1.0668231623046226e-10,0.5665276894349737,0.1752500337053307,0.0,0.0,0.0,-7.906860000000001,2.178263887743821e-06,0.5930144999959992,0.0,14517.8,14365.0,14078.0,14070.6,14375.0,14418.0,14451.4,14422.6,14237.4,14252.8,14163.4,14207.6,14191.4,14094.0,14361.8,14213.6,1755106992.727315
1755106993.253087,j6_to_0,0.0,0.0,0.0,0.0,-1.5707963267948966,2.7415926535897928,3.079105444843269,-7.282688014678134,-1.0668231623046227e-10,0.5462016011008599,0.23093290836324523,-4.235164736271502e-22,0.0,0.0,-7.906860000000001,2.1782638877438215e-06,0.5930144999959994,0.0,14517.2,14364.8,14077.6,14070.0,14374.2,14418.6,14451.4,14422.2,14236.8,14252.6,14163.8,14208.0,14190.6,14093.2,14360.2,14212.6,1755106993.207835
1755106993.758726,j6_to_0,0.0,0.0,0.0,0.0,-1.5707963267948966,2.6415926535897927,3.7907783698275264,-6.938907292250542,-1.0668231623046226e-10,0.5204180469187905,0.2843083777370643,0.0,0.0,0.0,-7.906860000000001,2.178263887743821e-06,0.5930144999959992,0.0,14517.2,14365.0,14077.4,14069.8,14375.0,14419.0,14451.6,14422.0,14237.2,14252.4,14164.8,14208.6,14190.2,14092.6,14359.8,14212.2,1755106993.732702
1755106994.263476,j6_to_0,0.0,0.0,0.0,0.0,-1.5707963267948966,2.5415926535897926,4.464575090405196,-6.525795301856581,-1.0668231623046227e-10,0.4894346476392435,0.33484313178038977,-4.235164736271502e-22,0.0,0.0,-7.906860000000001,2.1782638877438215e-06,0.5930144999959994,0.0,14517.4,14365.4,14076.8,14069.0,14374.8,14419.0,14451.6,14421.8,14237.6,14252.8,14164.8,14209.0,14189.2,14092.0,14359.4,14211.8,1755106994.257748
1755106994.771897,j6_to_0,0.0,0.0,0.0,0.0,-1.5707963267948966,2.4415926535897925,5.093763252471851,-6.047479721947597,-1.0668231623046227e-10,0.4535609791460697,0.3820322439353888,-4.235164736271502e-22,0.0,0.0,-7.906860000000001,2.1782638877438215e-06,0.5930144999959994,0.0,14517.4,14365.0,14075.8,14068.4,14374.8,14419.4,14452.2,14422.0,14237.0,14252.6,14164.4,14208.8,14188.6,14091.2,14358.2,14210.2,1755106994.732258
1755106995.274912,j6_to_0,0.0,0.0,0.0,0.0,-1.5707963267948966,2.3415926535897924,5.6720562158940755,-5.50873972368793,-1.0668231623046227e-10,0.41315547927659474,0.42540421619205565,-4.235164736271502e-22,0.0,0.0,-7.906860000000001,2.1782638877438215e-06,0.5930144999959994,0.0,14518.0,14365.6,14075.8,14068.4,14375.0,14419.8,14451.8,14422.4,14238.2,14252.4,14165.2,14209.0,14188.0,14090.6,14356.8,14209.8,1755106995.2507432
1755106995.7767308,j6_to_0,0.0,0.0,0.0,0.0,-1.5707963267948966,2.2415926535897923,6.193675868539591,-4.914958219056426,-1.0668231623046227e-10,0.3686218664292319,0.46452569014046935,-4.235164736271502e-22,0.0,0.0,-7.906860000000001,2.1782638877438215e-06,0.5930144999959994,0.0,14517.2,14364.8,14075.2,14067.4,14374.8,14420.0,14452.0,14421.8,14237.2,14251.8,14164.2,14208.8,14187.0,14089.8,14356.8,14208.4,1755106995.733113
1755106996.280912,j6_to_0,0.0,0.0,0.0,0.0,-1.5707963267948966,2.1415926535897922,6.653410359263701,-4.272068076569293,-1.0668231623046227e-10,0.3204051057426969,0.49900577694477755,-4.235164736271502e-22,0.0,0.0,-7.906860000000001,2.1782638877438215e-06,0.5930144999959994,0.0,14517.2,14364.2,14073.8,14066.4,14375.0,14420.2,14452.2,14421.6,14236.6,14251.4,14164.0,14208.4,14185.2,14088.6,14355.4,14207.2,1755106996.2566469
1755106996.783486,j6_to_0,0.0,0.0,0.0,0.0,-1.5707963267948966,2.041592653589792,7.046666173003105,-3.5864928420190343,-1.0668231623046227e-10,0.2689869631514275,0.5284999629752328,-4.235164736271502e-22,0.0,0.0,-7.906860000000001,2.1782638877438215e-06,0.5930144999959994,0.0,14516.6,14364.0,14073.0,14065.0,14375.0,14419.8,14451.6,14421.0,14236.2,14250.0,14163.4,14207.4,14184.6,14087.2,14354.4,14206.2,1755106996.774559
1755106997.286665,j6_to_0,0.0,0.0,0.0,0.0,-1.5707963267948966,1.941592653589792,7.369514027660008,-2.8650825565282334,-1.0668231623046227e-10,0.21488119173961748,0.5527135520745006,-4.235164736271502e-22,0.0,0.0,-7.906860000000001,2.1782638877438215e-06,0.5930144999959994,0.0,14515.4,14362.6,14071.0,14064.0,14373.4,14419.4,14451.0,14420.2,14234.0,14248.0,14161.4,14207.2,14182.2,14085.8,14352.0,14204.2,1755106997.2575848
1755106997.790551,j6_to_0,0.0,0.0,0.0,0.0,-1.5707963267948966,1.841592653589792,7.618728134189991,-2.11504531320298,-1.0668231623046226e-10,0.15862839849022342,0.571404610064249,0.0,0.0,0.0,-7.906860000000001,2.178263887743821e-06,0.5930144999959992,0.0,14515.0,14361.8,14070.0,14063.0,14373.2,14419.2,14451.0,14420.2,14233.6,14247.6,14160.8,14206.6,14180.8,14084.6,14351.4,14203.0,1755106997.778024
1755106998.2915,j6_to_0,0.0,0.0,0.0,0.0,-1.5707963267948966,1.7415926535897919,7.791818427619836,-1.34387523624923,-1.0668231623046227e-10,0.10079064271869224,0.5843863820714876,-4.235164736271502e-22,0.0,0.0,-7.906860000000001,2.1782638877438215e-06,0.5930144999959994,0.0,14513.0,14360.0,14067.4,14060.8,14372.0,14418.0,14450.0,14418.8,14231.2,14245.4,14158.0,14203.6,14179.0,14082.4,14348.2,14200.4,1755106998.247676
1755106998.797141,j6_to_0,0.0,0.0,0.0,0.0,-1.5707963267948966,1.6415926535897918,7.887055446953639,-0.5592776021609696,-1.0668231623046227e-10,0.041945820162072704,0.5915291585215229,-4.235164736271502e-22,0.0,0.0,-7.906860000000001,2.1782638877438215e-06,0.5930144999959994,0.0,14512.2,14358.2,14066.2,14059.8,14371.2,14417.2,14449.6,14417.8,14229.6,14243.2,14157.4,14202.6,14177.0,14080.6,14346.4,14198.2,1755106998.775446
1755106999.302728,j6_to_0,0.0,0.0,0.0,0.0,-1.5707963267948966,1.5415926535897917,7.903487615375387,0.23090814885548758,-1.0668231623046227e-10,-0.01731811116416157,0.592761571153154,-4.235164736271502e-22,0.0,0.0,-7.906860000000001,2.1782638877438215e-06,0.5930144999959994,0.0,14510.6,14356.6,14063.4,14057.4,14369.6,14415.8,14448.0,14416.0,14227.8,14241.0,14156.0,14200.8,14174.8,14078.2,14343.6,14195.4,1755106999.2444339
1755106999.805705,j6_to_0,0.0,0.0,0.0,0.0,-1.5707963267948966,1.4415926535897916,7.8409507480899645,1.0187867419766665,-1.0668231623046227e-10,-0.07640900564824998,0.5880713061067472,-4.235164736271502e-22,0.0,0.0,-7.906860000000001,2.1782638877438215e-06,0.5930144999959994,0.0,14511.0,14356.0,14063.8,14057.6,14369.6,14416.2,14449.0,14417.2,14226.8,14240.0,14155.0,14201.2,14174.4,14078.0,14343.8,14195.2,1755106999.771778
1755107000.3113012,j6_to_0,0.0,0.0,0.0,0.0,-1.5707963267948966,1.3415926535897915,7.700069692803345,1.7964859547381373,-1.0668231623046227e-10,-0.13473644660536027,0.5775052269602508,-4.235164736271502e-22,0.0,0.0,-7.906860000000001,2.1782638877438215e-06,0.5930144999959994,0.0,14517.0,14361.4,14068.4,14062.6,14375.6,14422.2,14454.4,14423.0,14232.4,14244.6,14159.0,14205.6,14179.2,14082.4,14349.0,14200.4,1755107000.301325
1755107000.812028,j6_to_0,0.0,0.0,0.0,0.0,-1.5707963267948966,1.2415926535897914,7.482252086450869,2.556235273679169,-1.0668231623046227e-10,-0.19171764552593765,0.5611689064838151,-4.235164736271502e-22,0.0,0.0,-7.906860000000001,2.1782638877438215e-06,0.5930144999959994,0.0,14518.8,14363.4,14069.8,14064.0,14377.8,14424.6,14457.0,14425.0,14233.4,14246.4,14160.8,14206.6,14180.8,14085.2,14350.0,14201.2,1755107000.7739131
1755107001.3164759,j6_to_0,0.0,0.0,0.0,0.0,-1.5707963267948966,1.1415926535897913,7.189674290554283,3.2904435347446364,-1.0668231623046227e-10,-0.24678326510584775,0.5392255717915712,-4.235164736271502e-22,0.0,0.0,-7.906860000000001,2.1782638877438215e-06,0.5930144999959994,0.0,14518.8,14363.0,14069.4,14064.4,14379.0,14424.8,14457.6,14425.8,14233.2,14245.6,14159.4,14206.2,14180.8,14085.2,14349.8,14200.8,1755107001.298354
1755107001.8222919,j6_to_0,0.0,0.0,0.0,0.0,-1.5707963267948966,1.0415926535897913,6.825259645736821,3.991774771686959,-1.0668231623046227e-10,-0.2993831078765218,0.5118944734302615,-4.235164736271502e-22,0.0,0.0,-7.906860000000001,2.1782638877438215e-06,0.5930144999959994,0.0,14519.2,14362.4,14068.8,14064.6,14378.2,14425.4,14458.0,14425.8,14232.6,14245.0,14158.8,14205.8,14180.4,14084.6,14349.4,14200.4,1755107001.7735648
1755107002.328015,j6_to_0,0.0,0.0,0.0,0.0,-1.5707963267948966,0.9415926535897913,6.392649262670038,4.653221514615891,-1.0668231623046227e-10,-0.34899161359619174,0.4794486947002528,-4.235164736271502e-22,0.0,0.0,-7.906860000000001,2.1782638877438215e-06,0.5930144999959994,0.0,14519.4,14363.0,14069.0,14064.8,14379.2,14425.8,14458.8,14427.4,14232.2,14244.6,14158.6,14205.0,14180.6,14085.0,14350.0,14201.4,1755107002.2921689
1755107002.831399,j6_to_0,0.0,0.0,0.0,0.0,-1.5707963267948966,0.8415926535897913,5.896165641299556,5.268174806321311,-1.0668231623046227e-10,-0.3951131104740984,0.44221242309746667,-4.235164736271502e-22,0.0,0.0,-7.906860000000001,2.1782638877438215e-06,0.5930144999959994,0.0,14520.6,14363.4,14068.8,14064.8,14380.2,14426.6,14459.8,14427.4,14231.6,14243.6,14158.0,14205.2,14180.4,14085.2,14350.4,14200.0,1755107002.827986
1755107003.338401,j6_to_0,0.0,0.0,0.0,0.0,-1.5707963267948966,0.7415926535897913,5.3407694818544424,5.830490236789034,-1.0668231623046227e-10,-0.43728676775917735,0.400557711139083,-4.235164736271502e-22,0.0,0.0,-7.906860000000001,2.1782638877438215e-06,0.5930144999959994,0.0,14520.0,14362.4,14068.0,14064.6,14379.8,14426.2,14459.6,14427.8,14231.0,14242.6,14156.6,14204.2,14180.0,14085.0,14349.4,14199.4,1755107003.2975528
1755107003.841095,j6_to_0,0.0,0.0,0.0,0.0,-1.5707963267948966,0.6415926535897913,4.732010119170309,6.3345493361145895,-1.0668231623046227e-10,-0.4750912002085942,0.35490075893777323,-4.235164736271502e-22,0.0,0.0,-7.906860000000001,2.1782638877438215e-06,0.5930144999959994,0.0,14520.6,14361.6,14067.6,14065.2,14380.2,14426.4,14460.2,14428.0,14229.8,14242.0,14156.4,14203.2,14179.8,14085.4,14349.4,14199.6,1755107003.825408
1755107004.34386,j6_to_0,0.0,0.0,0.0,0.0,-1.5707963267948966,0.5415926535897914,4.075970075570008,6.775315712397306,-1.0668231623046227e-10,-0.5081486784297978,0.30569775566775065,-4.235164736271502e-22,0.0,0.0,-7.906860000000001,2.1782638877438215e-06,0.5930144999959994,0.0,14519.8,14361.0,14066.8,14065.0,14379.2,14425.6,14459.6,14427.4,14229.2,14240.6,14155.0,14201.8,14179.6,14084.8,14349.0,14199.0,1755107004.2994518
1755107004.846473,j6_to_0,0.0,0.0,0.0,0.0,-1.5707963267948966,0.4415926535897914,3.3792042863111873,7.148385373703358,-1.0668231623046227e-10,-0.5361289030277518,0.253440321473339,-4.235164736271502e-22,0.0,0.0,-7.906860000000001,2.1782638877438215e-06,0.5930144999959994,0.0,14519.0,14360.4,14065.8,14065.2,14379.0,14425.2,14459.6,14427.6,14227.6,14238.4,14153.2,14199.8,14178.6,14084.4,14348.8,14198.4,1755107004.8163998
1755107005.347326,j6_to_0,0.0,0.0,0.0,0.0,-1.5707963267948966,0.3415926535897914,2.64867460483997,7.45003073129741,-1.0668231623046227e-10,-0.5587523048473056,0.19865059536299773,-4.235164736271502e-22,0.0,0.0,-7.906860000000001,2.1782638877438215e-06,0.5930144999959994,0.0,14519.6,14360.2,14066.2,14065.4,14379.6,14425.8,14460.0,14428.0,14227.4,14239.2,14152.8,14200.2,14179.8,14085.4,14349.0,14198.4,1755107005.3467789
1755107005.8529122,j6_to_0,0.0,0.0,0.0,0.0,-1.5707963267948966,0.2415926535897914,1.8916802422526107,7.677237844477082,-1.0668231623046227e-10,-0.5757928383357811,0.1418760181689458,-4.235164736271502e-22,0.0,0.0,-7.906860000000001,2.1782638877438215e-06,0.5930144999959994,0.0,14520.4,14360.8,14066.8,14065.6,14380.0,14425.6,14460.2,14428.2,14226.8,14238.0,14152.0,14199.2,14180.4,14086.0,14350.4,14199.2,1755107005.815047
1755107006.3552918,j6_to_0,0.0,0.0,0.0,0.0,-1.5707963267948966,0.1415926535897914,1.1157848359910152,7.827736534872165,-1.0668231623046227e-10,-0.5870802401154124,0.08368386269932612,-4.235164736271502e-22,0.0,0.0,-7.906860000000001,2.1782638877438215e-06,0.5930144999959994,0.0,14521.2,14360.8,14068.0,14066.8,14381.2,14427.0,14461.6,14430.0,14227.4,14239.0,14152.0,14199.4,14182.0,14087.8,14351.8,14200.0,1755107006.3477728
1755107006.860338,j6_to_0,0.0,0.0,0.0,0.0,-1.5707963267948966,0.04159265358979139,0.32874087647762706,7.9000230693164895,-1.0668231623046227e-10,-0.5925017301987366,0.024655565735822033,-4.235164736271502e-22,0.0,0.0,-7.906860000000001,2.1782638877438215e-06,0.5930144999959994,0.0,14521.6,14360.8,14067.6,14067.8,14381.6,14427.0,14461.8,14430.2,14227.0,14238.4,14151.4,14198.2,14181.8,14088.0,14351.8,14201.4,1755107006.8148842
1755107007.364822,j6_to_0,0.0,0.0,0.0,0.0,-1.5707963267948966,0.0,-3.1627439998873525e-05,7.906859999936745,-1.0668231623046227e-10,-0.5930144999952558,-2.372057999915514e-06,-4.235164736271502e-22,0.0,0.0,-7.906860000000001,2.1782638877438215e-06,0.5930144999959994,0.0,14521.8,14361.4,14068.6,14068.0,14381.6,14427.6,14462.2,14431.2,14227.6,14238.8,14151.2,14199.6,14182.2,14089.0,14352.4,14201.8,1755107007.341957
1755107007.865456,j5_to_0,0.0,0.0,0.0,0.0,-1.4707963267948965,0.0,-3.451404483777159e-05,7.867358634206276,0.7893688486308075,-0.5900518975654705,-2.588553362832869e-06,4.235164736271502e-22,0.0,0.0,-7.906860000000001,2.3957274140156908e-06,0.5900518975662851,0.0,14522.8,14362.0,14069.2,14069.8,14382.6,14428.0,14463.8,14432.2,14228.2,14238.8,14151.4,14199.6,14183.0,14089.4,14354.2,14202.8,1755107007.865082
1755107008.3680792,j5_to_0,0.0,0.0,0.0,0.0,-1.3707963267948964,0.0,-3.73459899858507e-05,7.74924922160573,1.5708505847623617,-0.5811936916204298,-2.8009492489388023e-06,0.0,0.0,0.0,-7.906860000000001,2.6110181166169353e-06,0.5811936916213142,0.0,14524.8,14364.4,14071.4,14071.4,14384.4,14429.6,14464.8,14434.0,14229.6,14241.6,14154.6,14201.4,14185.0,14091.8,14356.4,14203.8,1755107008.3448792
1755107008.8726358,j5_to_0,0.0,0.0,0.0,0.0,-1.2707963267948963,0.0,-4.009497958330784e-05,7.55371187234403,2.3366369011040713,-0.566528390425802,-3.0071234687480876e-06,4.235164736271502e-22,0.0,0.0,-7.906860000000001,2.821984882012809e-06,0.5665283904267546,0.0,14526.8,14365.6,14073.4,14073.6,14385.8,14431.4,14467.2,14435.0,14231.2,14242.8,14156.0,14203.8,14186.8,14093.4,14357.8,14206.2,1755107008.868916
1755107009.3752801,j5_to_0,0.0,0.0,0.0,0.0,-1.1707963267948962,0.0,-4.273354663478039e-05,7.282700330978943,3.079076313918352,-0.5462025248234206,-3.205015997608528e-06,-4.235164736271502e-22,0.0,0.0,-7.906860000000001,3.026519800019817e-06,0.546202524824439,0.0,14527.6,14366.8,14074.4,14074.4,14386.0,14432.0,14466.8,14435.4,14231.6,14243.0,14156.8,14204.4,14187.6,14093.8,14359.0,14207.0,1755107009.3348281
1755107009.880919,j5_to_0,0.0,0.0,0.0,0.0,-1.0707963267948961,0.0,-4.5235327450484306e-05,6.938922455247286,3.7907506140102023,-0.5204191841435464,-3.3926495587863235e-06,8.470329472543003e-22,0.0,0.0,-7.906860000000001,3.22257922534749e-06,0.5204191841446274,0.0,14528.8,14368.2,14076.2,14075.4,14386.6,14432.4,14467.8,14436.4,14233.2,14245.4,14158.0,14204.8,14188.6,14095.0,14359.0,14208.2,1755107009.861871
1755107010.385661,j5_to_0,0.0,0.0,0.0,0.0,-0.9707963267948961,0.0,-4.7575325063487905e-05,6.525813160045512,4.4645489870213515,-0.4894359870034135,-3.568149379761592e-06,-8.470329472543003e-22,0.0,0.0,-7.906860000000001,3.4082041970265796e-06,0.48943598700455354,0.0,14529.4,14369.4,14077.8,14076.6,14387.4,14433.2,14468.6,14437.0,14233.2,14246.6,14159.0,14205.4,14189.2,14096.4,14360.8,14210.2,1755107010.3332632
1755107010.891404,j5_to_0,0.0,0.0,0.0,0.0,-0.8707963267948962,0.0,-4.973015899114239e-05,6.047500096895501,5.093739062336803,-0.45356250726716235,-3.7297619243356785e-06,8.470329472543003e-22,0.0,0.0,-7.906860000000001,3.5815400116995284e-06,0.4535625072683571,0.0,14530.4,14369.8,14078.8,14077.4,14387.6,14433.8,14469.2,14437.4,14234.8,14247.6,14159.6,14207.2,14190.2,14096.4,14361.2,14210.4,1755107010.8587232
1755107011.393213,j5_to_0,0.0,0.0,0.0,0.0,-0.7707963267948962,0.0,-5.167829884513605e-05,5.508762411814968,5.67203418070659,-0.41315718088612263,-3.8758724133852045e-06,-4.235164736271502e-22,0.0,0.0,-7.906860000000001,3.7408547552033276e-06,0.4131571808873673,0.0,14530.8,14371.0,14079.8,14079.0,14387.8,14433.6,14469.4,14437.6,14236.2,14248.0,14161.8,14207.8,14191.2,14097.8,14363.0,14211.4,1755107011.3916092
1755107011.898335,j5_to_0,0.0,0.0,0.0,0.0,-0.6707963267948962,0.0,-5.340027945601719e-05,4.914982993670237,6.193656208466914,-0.3686237245252678,-4.005020959201289e-06,-8.470329472543003e-22,0.0,0.0,-7.906860000000001,3.884556607283337e-06,0.36862372452655706,0.0,14531.6,14372.0,14080.6,14079.2,14388.4,14434.4,14469.6,14438.2,14236.4,14249.8,14162.6,14208.6,14192.2,14098.6,14363.4,14212.8,1755107011.863586
1755107012.4038541,j5_to_0,0.0,0.0,0.0,0.0,-0.5707963267948962,0.0,-5.487889536273302e-05,4.272094690130031,6.653393270741712,-0.3204071017597522,-4.115917152204977e-06,4.235164736271502e-22,0.0,0.0,-7.906860000000001,4.011209746535094e-06,0.3204071017610802,0.0,14531.2,14371.6,14081.2,14079.2,14388.0,14434.0,14469.2,14438.0,14236.6,14250.4,14163.0,14209.8,14192.0,14099.0,14364.2,14213.4,1755107012.394014
1755107012.908397,j5_to_0,0.0,0.0,0.0,0.0,-0.47079632679489625,0.0,-5.609937272390904e-05,3.586521028612701,7.046651826773602,-0.26898907714595255,-4.207452954293177e-06,-8.470329472543003e-22,0.0,0.0,-7.906860000000001,4.119548696657151e-06,0.26898907714731324,0.0,14531.8,14372.0,14082.4,14080.4,14388.0,14433.0,14469.0,14437.8,14237.4,14252.0,14164.2,14210.0,14192.8,14099.6,14365.0,14214.2,1755107012.865278
1755107013.410115,j5_to_0,0.0,0.0,0.0,0.0,-0.37079632679489627,0.0,-5.704951693318858e-05,2.865112034523609,7.369502567064709,-0.21488340258927055,-4.278713769989143e-06,8.470329472543003e-22,0.0,0.0,-7.906860000000001,4.208490970671991e-06,0.21488340259065739,0.0,14530.8,14372.0,14082.4,14080.2,14387.0,14432.8,14468.4,14437.4,14237.8,14252.4,14164.6,14209.2,14193.6,14099.4,14365.2,14214.6,1755107013.382706
1755107013.915066,j5_to_0,0.0,0.0,0.0,0.0,-0.2707963267948963,0.0,-5.771983446370841e-05,2.1150757880655844,7.618719673738308,-0.15863068410491873,-4.32898758477813e-06,4.235164736271502e-22,0.0,0.0,-7.906860000000001,4.277147886778058e-06,0.15863068410632497,0.0,14531.2,14372.8,14083.2,14080.8,14387.0,14432.4,14468.0,14437.2,14238.8,14252.8,14165.4,14211.2,14193.8,14099.6,14366.0,14215.0,1755107013.909825
1755107014.4206269,j5_to_0,0.0,0.0,0.0,0.0,-0.17079632679489629,0.0,-5.810362772428113e-05,1.3439064034842139,7.791813051844742,-0.10079298026131593,-4.357772079321084e-06,7.411538288475128e-22,0.0,0.0,-7.906860000000001,4.324833447764584e-06,0.10079298026273467,0.0,14530.4,14372.0,14083.2,14080.8,14386.4,14431.4,14467.0,14436.2,14238.8,14253.0,14166.0,14211.2,14194.0,14100.2,14366.6,14216.2,1755107014.385322
1755107014.9280782,j5_to_0,0.0,0.0,0.0,0.0,-0.07079632679489628,0.0,-5.819706197951225e-05,0.5593091503555289,7.887053209567035,-0.04194818627666473,-4.3647796484634185e-06,-5.293955920339377e-22,0.0,0.0,-7.906860000000001,4.35107119526894e-06,0.04194818627808889,0.0,14526.2,14368.8,14080.2,14077.4,14382.2,14427.8,14463.4,14432.6,14236.2,14250.6,14162.8,14208.4,14191.0,14097.4,14363.6,14213.0,1755107014.913897
1755107015.432723,j5_to_0,0.0,0.0,0.0,0.0,0.0,0.0,-5.808703700649881e-05,-1.8982547248746806e-11,7.906859999786634,1.4236910436560104e-12,-4.35652777548741e-06,0.0,0.0,0.0,-7.906860000000001,4.356527775487643e-06,0.0,0.0,14520.0,14362.6,14074.6,14071.2,14376.0,14421.2,14457.0,14426.6,14230.4,14244.8,14157.6,14202.8,14185.6,14091.2,14358.4,14208.0,1755107015.38914
